[{"name":"b","type":0,"faces":[[[1,0],[1,1],[2,0],[0,0],[0,1]],[[1,1],[1,2],[0,1],[1,0],[0,0]],[[1,1],[1,0],[0,1],[2,1],[2,0]],[[0,1],[0,0],[1,1],[0,2],[1,2]],[[1,0],[1,1],[0,0],[2,0],[2,1]],[[1,1],[1,0],[0,1],[1,2],[0,2]],[[1,1],[1,0],[2,1],[0,1],[0,0]],[[0,1],[0,2],[1,1],[0,0],[1,0]]],"dimensions":[3,2],"parts":5},{"name":"c","type":2,"faces":[[[1,0],[0,1],[0,0],[2,0],[2,1]],[[1,1],[1,0],[0,0],[1,2],[0,2]],[[1,1],[0,0],[0,1],[2,1],[2,0]],[[0,1],[0,0],[1,0],[0,2],[1,2]]],"dimensions":[3,2],"parts":5},{"name":"f","type":0,"faces":[[[1,1],[1,2],[0,1],[1,0],[2,0]],[[1,1],[1,0],[0,1],[2,1],[2,2]],[[1,1],[1,0],[2,1],[1,2],[0,2]],[[1,1],[1,2],[2,1],[0,1],[0,0]],[[1,1],[1,2],[2,1],[1,0],[0,0]],[[1,1],[1,2],[0,1],[2,1],[2,0]],[[1,1],[1,0],[0,1],[1,2],[2,2]],[[1,1],[1,0],[2,1],[0,1],[0,2]]],"dimensions":[3,3],"parts":5},{"name":"i","type":4,"faces":[[[2,0],[0,0],[1,0],[3,0],[4,0]],[[0,2],[0,0],[0,1],[0,3],[0,4]]],"dimensions":[5,1],"parts":5},{"name":"l","type":0,"faces":[[[0,0],[0,1],[1,0],[2,0],[3,0]],[[1,0],[1,1],[0,0],[1,2],[1,3]],[[3,1],[3,0],[2,1],[1,1],[0,1]],[[0,3],[0,2],[1,3],[0,1],[0,0]],[[3,0],[3,1],[2,0],[1,0],[0,0]],[[1,3],[1,2],[0,3],[1,1],[1,0]],[[0,1],[0,0],[1,1],[2,1],[3,1]],[[0,0],[0,1],[1,0],[0,2],[0,3]]],"dimensions":[4,2],"parts":5},{"name":"n","type":0,"faces":[[[2,0],[2,1],[1,0],[3,1],[0,0]],[[1,2],[1,1],[0,2],[0,3],[1,0]],[[1,1],[1,0],[2,1],[0,0],[3,1]],[[0,1],[0,2],[1,1],[1,0],[0,3]],[[1,0],[1,1],[2,0],[0,1],[3,0]],[[1,1],[1,2],[0,1],[0,0],[1,3]],[[2,1],[2,0],[1,1],[3,0],[0,1]],[[0,2],[0,1],[1,2],[1,3],[0,0]]],"dimensions":[4,2],"parts":5},{"name":"t","type":2,"faces":[[[1,0],[1,1],[0,0],[2,0],[1,2]],[[2,1],[2,0],[1,1],[2,2],[0,1]],[[1,2],[1,1],[0,2],[2,2],[1,0]],[[0,1],[0,0],[1,1],[0,2],[2,1]]],"dimensions":[3,3],"parts":5},{"name":"v","type":1,"faces":[[[0,2],[0,1],[1,2],[0,0],[2,2]],[[0,0],[0,1],[1,0],[2,0],[0,2]],[[2,0],[2,1],[1,0],[2,2],[0,0]],[[2,2],[2,1],[1,2],[0,2],[2,0]]],"dimensions":[3,3],"parts":5},{"name":"w","type":1,"faces":[[[1,1],[1,2],[0,1],[0,0],[2,2]],[[1,1],[1,0],[0,1],[2,0],[0,2]],[[1,1],[1,0],[2,1],[2,2],[0,0]],[[1,1],[1,2],[2,1],[0,2],[2,0]]],"dimensions":[3,3],"parts":5},{"name":"x","type":5,"faces":[[[1,0],[0,1],[1,1],[2,1],[1,2]]],"dimensions":[3,3],"parts":5},{"name":"y","type":0,"faces":[[[0,1],[0,0],[1,1],[0,2],[0,3]],[[2,0],[2,1],[3,0],[1,0],[0,0]],[[1,2],[1,3],[0,2],[1,1],[1,0]],[[1,1],[1,0],[0,1],[2,1],[3,1]],[[1,1],[1,0],[0,1],[1,2],[1,3]],[[2,1],[2,0],[3,1],[1,1],[0,1]],[[0,2],[0,3],[1,2],[0,1],[0,0]],[[1,0],[1,1],[0,0],[2,0],[3,0]]],"dimensions":[2,4],"parts":5},{"name":"z","type":3,"faces":[[[1,1],[2,2],[0,1],[2,1],[0,0]],[[1,1],[1,2],[0,2],[1,0],[2,0]],[[1,1],[0,2],[0,1],[2,0],[2,1]],[[1,1],[1,2],[0,0],[1,0],[2,2]]],"dimensions":[3,3],"parts":5},{"name":"o","type":5,"faces":[[[0,0],[1,0],[0,1],[1,1]]],"dimensions":[2,2],"parts":4}]